unique_id,case_id_fkey,latitude,longitude,death_datetime,collision_datetime,location,age,sex,deceased,collision_type,street_type,analysis_neighborhood,supervisor_district
1,140236301,37.71040921667876,-122.40422603714734,2014-03-20 11:21:00,2014-03-20 00:00:00,Bayshore Blvd near Visitation Ave,82.0,Female,Pedestrian,Pedestrian vs Motor Vehicle,City Street,Bayview Hunters Point,10.0
2,140755533,37.72547565018137,-122.39424349328118,2014-09-08 16:38:00,2014-09-08 05:10:00,3rd St at Carrol Ave,71.0,Male,Pedestrian,Pedestrian vs LRV,City Street,Bayview Hunters Point,10.0
3,151078623,37.72604939695752,-122.40623241751577,2015-12-14 10:30:00,2015-12-14 10:15:00,IFO 551 Goettingen St,63.0,Male,Bicyclist,Bicycle vs Motor Vehicle,City Street,Portola,9.0
4,140365546,37.74825532935969,-122.41366884444469,2014-05-03 17:20:00,2014-05-03 02:24:00,Folsom St and Caesar Chavez,26.0,Male,Driver,Motor Vehicle Collision,City Street,Mission,9.0
6,151090279,37.74916998802018,-122.4181475404027,2015-12-18 06:50:00,2015-12-18 02:20:00,Mission St at 26th St,28.0,Male,Pedestrian,Pedestrian vs Motor Vehicle,City Street,Mission,9.0
7,150507164,37.72301059405224,-122.43606510848632,2015-07-05 15:00:00,2015-06-11 14:56:00,Persia Ave and Mission Street,89.0,Female,Pedestrian,Pedestrian vs Motor Vehicle,City Street,Outer Mission,11.0
8,151016065,37.73382859192579,-122.4313279157498,2015-11-21 02:20:00,2015-11-22 02:20:00,San Jose Ave near Monterey Ave exit,60.0,Male,Motorcyclist,Motorcycle vs Motor Vehicle,City Street,Glen Park,8.0
11,140437844,37.73393255773273,-122.43036850132192,2014-06-13 04:40:00,2014-05-25 20:56:00,1200 Block of San Jose Ave,34.0,Male,Pedestrian,Pedestrian vs LRV,City Street,Outer Mission,8.0
12,150708061,37.77619541744142,-122.41475394702942,2015-08-27 14:36:00,2015-08-14 01:35:00,9th and Mission St,60.0,Male,Pedestrian,Pedestrian vs Motor Vehicle,City Street,South of Market,6.0
13,150189455,37.76853738675164,-122.41561378147644,2015-03-02 16:20:00,2015-03-02 12:34:00,14th St and Folsom St,66.0,Male,Bicyclist,Bicycle vs Motor Vehicle,City Street,Mission,9.0
14,140232854,37.76949595143363,-122.41559134729953,2014-03-24 00:25:00,2014-03-19 00:00:00,Cross of 13th St and Folsom St,55.0,Male,Bicyclist,Bicycle vs Motor Vehicle,City Street,Mission,9.0
15,150451420,37.77506172060385,-122.4156444672336,2015-06-02 16:09:00,2015-05-23 23:36:00,10th Street at Mission St,51.0,Male,Pedestrian,Pedestrian vs Motor Vehicle,City Street,South of Market,6.0
16,150562049,37.77729985620261,-122.4196935656792,2015-06-30 06:00:00,2015-06-28 03:52:00,Van Ness Ave and Hayes St,52.0,Male,Motorcyclist,Motorcycle vs Motor Vehicle,City Street,Tenderloin,5.0
17,140104811,37.77825101707722,-122.4198832305784,2014-02-06 10:20:00,2014-02-05 02:26:00,Van Ness Ave and Grove St,53.0,Male,Pedestrian,Pedestrian vs Motor Vehicle,City Street,Hayes Valley,5.0
18,140019652,37.777962542887394,-122.41990283971673,2014-01-07 18:30:00,2014-01-04 18:20:00,IFO 240 Van Ness Ave,38.0,Male,Pedestrian,Pedestrian vs Motor Vehicle,City Street,Hayes Valley,5.0
19,140897094,37.779447983157446,-122.41842794961616,2014-10-23 12:46:00,2014-10-23 11:30:00,Polk St and McAllister St,68.0,Female,Pedestrian,Pedestrian vs Motor Vehicle,City Street,Tenderloin,5.0
20,150029839,37.78007469595044,-122.4202471839141,2015-01-10 17:24:00,2015-01-10 22:23:00,Van Ness Ave and McAllister St,30.0,Male,Motorcyclist,Motorcycle Collision,City Street,Hayes Valley,5.0
21,140286992,37.78110030160717,-122.42040137867862,2014-04-06 23:11:00,2014-04-06 23:04:00,IFO 600 Van Ness Ave,72.0,Male,Pedestrian,Pedestrian vs Motor Vehicle,City Street,Tenderloin,5.0
22,140893967,37.784213171689984,-122.39210812432616,2014-10-23 14:05:00,2014-10-22 15:16:00,IFO 301 Bryant St,27.0,Male,Bicyclist,Bicycle Collision,City Street,Financial District/South Beach,6.0
23,141027204,37.785791098749456,-122.39638989247884,2014-12-29 00:20:00,2014-12-06 00:00:00,Folsom St and 2nd St,59.0,Male,Pedestrian,Pedestrian vs Motor Vehicle,City Street,Financial District/South Beach,6.0
24,150314969,37.79264287945664,-122.40438665554868,2015-04-10 22:40:00,2015-04-10 22:40:00,California St and Kearny,42.0,Female,Pedestrian,Pedestrian vs Motor Vehicle,City Street,Financial District/South Beach,3.0
25,150513246,37.709543368800965,-122.45049893027048,2015-07-03 21:08:00,2015-06-12 12:25:00,Mission St and Oliver St,80.0,Female,Pedestrian,Pedestrian vs Motor Vehicle,City Street,Outer Mission,11.0
26,150412240,37.7161689642948,-122.4503783547998,2015-05-12 08:49:00,2015-05-12 08:25:00,San Jose and Lakeview Avenue,12.0,Male,Pedestrian,Pedestrian vs LRV,City Street,Oceanview/Merced/Ingleside,11.0
27,150492612,37.718279389170895,-122.42583481727074,2015-06-05 21:15:00,2015-06-05 21:01:00,Persia Ave East of Sunnydale Ave,23.0,Male,Bicyclist,Bicycle vs Motor Vehicle,City Street,McLaren Park,11.0
29,140723552,37.73880995393555,-122.39500052747088,2014-08-28 09:21:00,2014-08-28 09:04:00,Quint St and Newcomb Ave,52.0,Male,Pedestrian,Pedestrian vs Motor Vehicle,City Street,Bayview Hunters Point,10.0
30,140468877,37.74524939410863,-122.40287641223668,2014-06-05 16:50:00,2014-06-05 14:30:00,IFO 128 Barnveld Ave,30.0,Male,Driver,Motor Vehicle Collision,City Street,Bayview Hunters Point,10.0
31,150871436,37.78007426773405,-122.39431960272452,2015-10-12 21:09:00,2015-10-05 09:55:00,3rd Street and Brannan Sreet,72.0,Female,Pedestrian,Pedestrian vs Motor Vehicle,City Street,South of Market,6.0
35,150529845,37.79447425537868,-122.40480060929728,2015-06-17 19:06:00,2015-06-17 18:00:00,Kearney at Clay St,77.0,Female,Pedestrian,Pedestrian vs Motor Vehicle,City Street,Chinatown,3.0
36,140886401,37.73539764755381,-122.50142062100608,2014-10-20 07:20:00,2014-10-20 06:57:00,Sloat Blvd and 43rd St,87.0,Male,Pedestrian,Pedestrian vs Motor Vehicle,City Street,Lakeshore,7.0
37,150597717,37.746091950482736,-122.5027758403733,2015-07-13 20:35:00,2015-07-09 15:33:00,44th Ave and North of Rivera St,70.0,Male,Driver,Motor Vehicle Collision,City Street,Sunset/Parkside,4.0
38,150623613,37.76484219439256,-122.41745397410034,2015-07-23 21:25:00,2015-07-17 21:25:00,520 South Van Ness Ave,51.0,Male,Pedestrian,Pedestrian vs Motor Vehicle,City Street,Mission,9.0
39,150670181,37.7660999644903,-122.41757638185966,2015-08-02 07:18:00,2015-08-02 00:23:00,South Van Ness Avenue at 16th St,34.0,Male,Motorcyclist,Moped vs Motor Vehicle,City Street,Mission,9.0
40,140931200,37.76551566304662,-122.41971369766406,2014-11-03 13:15:00,2014-11-03 13:49:00,1984 Mission St,64.0,Male,Pedestrian,Pedestrian vs Motor Vehicle,City Street,Mission,9.0
41,140936056,37.78337453386616,-122.4095095608914,2014-11-05 00:01:00,2014-11-04 23:50:00,IFO 34 Turk St,35.0,Male,Exterior Passenger,Motor Vehicle Collision,City Street,Tenderloin,5.0
42,140627863,37.78766359878773,-122.41335396337804,2014-08-16 16:05:00,2014-07-28 22:18:00,Post St and Jones St,29.0,Male,Pedestrian,Pedestrian vs Motor Vehicle,City Street,Tenderloin,3.0
45,140930092,37.78331088989271,-122.4175287731682,2014-11-03 09:46:00,2014-11-03 00:47:00,Larkin St and Eddy St,54.0,Male,Pedestrian,Pedestrian vs Motor Vehicle,City Street,Tenderloin,5.0
46,150959361,37.787264103317256,-122.41664251440676,2015-11-06 10:47:00,2015-11-03 05:39:00,Hyde St north of Post St,25.0,Male,Pedestrian,Pedestrian vs Motor Vehicle,City Street,Nob Hill,3.0
47,140564970,37.787548139743535,-122.42175810440789,2014-07-08 06:13:00,2014-07-08 01:49:00,Van Ness Ave and Sutter St,51.0,Male,Motorcyclist,Motorcycle vs Motor Vehicle,City Street,Nob Hill,3.0
48,150813165,37.79026502459316,-122.41556123927056,2015-09-16 17:22:00,2015-09-16 13:04:00,Leavenworth St and Pine St,76.0,Female,Pedestrian,Pedestrian vs Motor Vehicle,City Street,Nob Hill,3.0
49,150963083,37.78744082553476,-122.43016838182947,2015-11-13 21:00:00,2015-11-04 10:04:00,Bush and Buchanan St,83.0,Female,Pedestrian,Pedestrian vs Motor Vehicle,City Street,Pacific Heights,5.0
50,140125356,37.79556258931523,-122.4234829338114,2014-02-12 01:00:00,2014-02-12 00:54:00,2000 Block of Van Ness Ave,35.0,Male,Pedestrian,Pedestrian vs Motor Vehicle,City Street,Pacific Heights,2.0
51,140437941,37.79514681019708,-122.43004013432538,2014-06-04 06:40:00,2014-05-25 00:00:00,Broadway St and Laguna St,51.0,Male,Bicyclist,Bicycle vs Motor Vehicle,City Street,Pacific Heights,2.0
52,140151442,37.78890628406117,-122.43383965446183,2014-02-20 17:50:00,2014-02-20 15:10:00,California St and Fillmore St,90.0,Female,Pedestrian,Pedestrian vs Motor Vehicle,City Street,Pacific Heights,2.0
54,140939527,37.80130371976443,-122.42453832553356,2014-11-06 00:00:00,2014-11-06 06:10:00,Lombard St and Van Ness Ave,51.0,Female,Pedestrian,Pedestrian vs Motor Vehicle,City Street,Marina,3.0
55,150777339,37.80435492477829,-122.42346605329128,2015-09-05 00:20:00,2015-09-04 16:27:00,Bay St and Polk St,49.0,Female,Motorcyclist,Motorcycle vs Motor Vehicle,City Street,Russian Hill,2.0
56,140049251,37.78594064278079,-122.44193933810683,2014-01-19 10:54:00,2014-01-17 00:00:00,Broderick St and Bush St,61.0,Male,Motorcyclist,Motorcycle vs Motor Vehicle,City Street,Pacific Heights,2.0
58,150220770,37.76560533506768,-122.47266102845582,2015-03-12 09:50:00,2015-03-12 09:39:00,1341 Lincoln Way,26.0,Male,Motorcyclist,Motorcycle Collision,City Street,Inner Sunset,7.0
59,150990666,37.75455161790163,-122.4818694808546,2015-11-13 19:35:00,2015-11-13 18:50:00,IFO 1747 24th Ave,67.0,Female,Pedestrian,Pedestrian vs Motor Vehicle,City Street,Sunset/Parkside,4.0
60,150217761,37.78003795345403,-122.48580757633049,2015-03-11 15:55:00,2015-03-11 10:47:00,26th Ave and Geary Blvd,87.0,Male,Pedestrian,Pedestrian vs Motor Vehicle,City Street,Outer Richmond,1.0
62,150343695,37.749486078759865,-122.49978542416297,2015-04-20 21:58:00,2015-04-20 06:20:00,41st Avenue at Pacheco St,88.0,Male,Pedestrian,Pedestrian vs Motor Vehicle,City Street,Sunset/Parkside,4.0
63,150630721,37.77408629060769,-122.49290596967808,2015-07-20 14:18:00,2015-07-20 13:19:00,Cabrillo St and 33rd Ave,61.0,Female,Pedestrian,Pedestrian vs Motor Vehicle,City Street,Outer Richmond,1.0
64,140145241,37.768963382757136,-122.4978106713412,2014-02-18 19:17:00,2014-02-18 17:14:00,John F Kennedy Drive and Spreckels Lake Dr,53.0,Male,Motorcyclist,Motorcycle Collision,City Street,Golden Gate Park,1.0
65,150890602,37.79060514767108,-122.39975632722862,2015-10-11 15:32:00,2015-11-11 15:20:00,IFO 532 Market Street,47.0,Male,Bicyclist,Bicycle vs MUNI,City Street,Financial District/South Beach,3.0
66,150574561,37.78758638153532,-122.40341748495489,2015-07-05 15:05:00,2015-07-01 21:11:00,Market St and Third St,39.0,Male,Pedestrian,Pedestrian vs Motor Vehicle,City Street,Financial District/South Beach,6.0
68,150762744,37.733898286686106,-122.4069060423054,2015-09-20 12:46:00,2015-08-31 07:26:00,21 Gaven St,64.0,Male,Pedestrian,Pedestrian vs Motor Vehicle,City Street,Portola,9.0
69,140102586,37.73502341319151,-122.49401487671868,2014-02-04 11:11:00,2014-02-04 00:00:00,Sunset Blvd and  Yorba St,78.0,Male,Pedestrian,Pedestrian vs Motor Vehicle,City Street,Sunset/Parkside,4.0
70,140927180,37.747137,-122.38720577683644,2014-11-01 21:40:00,2014-11-01 21:31:00,3rd St and Islais Channel,21.0,Male,Pedestrian,Pedestrian vs Motor Vehicle,City Street,,
71,140684368,37.78363241166815,-122.40533868210548,2014-08-15 23:50:00,2014-08-15 22:35:00,IFO 833 Mission St,2.0,Female,Pedestrian,Pedestrian vs Motor Vehicle,City Street,South of Market,6.0
72,140792717,37.793142035465685,-122.40771972683685,2014-09-20 09:55:00,2014-09-20 09:53:00,IFO 770 Stockton St,78.0,Female,Pedestrian,Pedestrian vs Motor Vehicle,City Street,Chinatown,3.0
73,141056899,37.80936786835612,-122.37007498699556,2014-12-16 14:28:00,2014-12-16 13:00:00,Treasure Island Road at Westbound I-80 onramp,20.0,Male,Motorcyclist,Motorcycle Collision,City Street,Treasure Island,6.0
74,151014003,37.714707673322685,-122.49234143662052,2015-11-21 13:00:00,2015-11-21 12:40:00,400 John Muir Dr,50.0,Female,Pedestrian,Pedestrian vs Motor Vehicle,City Street,Lakeshore,7.0
88,160619668,37.78756247602634,-122.4066333885239,2016-08-01 17:05:00,2016-08-01 16:08:00,Geary Street and Stockton Street,60.0,Male,Pedestrian,Pedestrian vs Motorcycle,City Street,Financial District/South Beach,3.0
89,160664845,37.72827813689105,-122.44600623668488,2016-08-23 01:04:00,2016-08-17 14:29:00,IFO 162 Judson Avenue,48.0,Male,Driver,Motor Vehicle Collision,City Street,West of Twin Peaks,7.0
90,160708562,37.70948595334119,-122.41955501034192,2016-09-16 20:30:00,2016-09-01 10:00:00,Santos Street and Velasco Avenue,68.0,Male,Pedestrian,Pedestrian vs Motor Vehicle,City Street,Visitacion Valley,10.0
91,23881000,37.770049772562125,-122.40700149001546,2016-02-06 21:32:00,2016-02-06 21:20:00,Brannan Street and 9th Street,27.0,Male,Passenger,Motor Vehicle Collision,City Street,South of Market,6.0
92,23881000,37.770049772562125,-122.40700149001546,2016-02-06 21:32:00,2016-02-06 21:20:00,Brannan Street and 9th Street,23.0,Male,Driver,Motor Vehicle Collision,City Street,South of Market,6.0
93,23881000,37.770049772562125,-122.40700149001546,2016-02-06 21:32:00,2016-02-06 21:20:00,Brannan Street and 9th Street,31.0,Male,Passenger,Motor Vehicle Collision,City Street,South of Market,6.0
94,160126754,37.71347594737848,-122.43454112640931,2016-02-12 08:27:00,2016-02-12 07:54:00,Geneva Avenue and Athens Street,68.0,Female,Pedestrian,Pedestrian vs Motor Vehicle,City Street,Excelsior,11.0
95,160206566,37.797426874418,-122.41029600766436,2016-03-11 06:02:00,2016-03-11 00:00:00,Across from 814 Broadway,62.0,Male,Pedestrian,Pedestrian vs Motor Vehicle,City Street,Chinatown,3.0
96,160211004,37.78465714080953,-122.414430198089,2016-03-12 20:06:00,2016-03-12 18:39:00,Leavenworth Street and Ellis Street,56.0,Male,Pedestrian,Pedestrian vs Motor Vehicle,City Street,Tenderloin,5.0
97,160204673,37.753413818329626,-122.49522653784864,2016-03-21 02:28:00,2016-03-10 12:29:00,Sunset Blvd and Noriega Street,87.0,Male,Pedestrian,Pedestrian vs Motor Vehicle,City Street,Sunset/Parkside,4.0
98,160236165,37.781354512531664,-122.45409992890984,2016-03-25 11:04:00,2016-03-21 15:00:00,3245 Geary Blvd,87.0,Male,Passenger,Motor Vehicle Collision,City Street,Lone Mountain/USF,2.0
99,160253880,37.761997071303995,-122.4237951037144,2016-03-27 17:12:00,2016-03-27 17:00:00,556 Guerrero St,63.0,Male,Driver,Motor Vehicle Collision,City Street,Mission,9.0
101,160085354,37.74223255621,-122.42429512100118,2016-01-31 17:10:00,2016-01-29 18:56:00,30th Street and Dolores Street,60.0,Male,Pedestrian,Pedestrian vs Motor Vehicle,City Street,Noe Valley,8.0
102,160105849,37.78039693442737,-122.41254681492784,2016-02-06 16:26:00,2016-02-05 09:50:00,7th Street and Market Street,38.0,Female,Pedestrian,Pedestrian vs Motor Vehicle,City Street,South of Market,6.0
103,160410228,37.70880233228628,-122.41601067624488,2016-05-19 16:22:00,2016-05-19 16:00:00,Calgary Street and and Geneva Avenue,18.0,Male,Passenger,Motor Vehicle Collision,City Street,Visitacion Valley,10.0
104,160413852,37.76544760844688,-122.41310524233374,2016-05-20 23:07:00,2016-05-22 00:00:00,Westbound on 16th Street and Harrison Street,52.0,Male,Motorcyclist,Motorcycle Collision,City Street,Mission,9.0
105,160469247,37.785460258951616,-122.42302314844368,2016-06-09 10:54:00,2016-06-09 00:00:00,Franklin Street at Geary Blvd,86.0,Female,Pedestrian,Pedestrian vs Bus (Paratransit),City Street,Western Addition,2.0
106,160344304,37.78709723898054,-122.38779488940344,2015-04-27 13:32:00,2016-04-27 00:00:00,The Embarcadero and Bryant Street,56.0,Female,Passenger,Motor Vehicle Collision,City Street,Financial District/South Beach,6.0
107,160384281,37.71277635296424,-122.46996782311597,2016-05-10 22:50:00,2016-05-10 22:25:00,Brotherhood Way at Junipero Serra Blvd Northbound onramp,77.0,Male,Pedestrian,Pedestrian vs Motor Vehicle,City Street,Oceanview/Merced/Ingleside,11.0
108,160506996,37.77078303708987,-122.48831819952424,2016-06-22 18:42:00,2016-06-22 16:00:00,John F. Kennedy Drive West of 30th Avenue,41.0,Female,Bicyclist,Bicycle vs Motor Vehicle,City Street,Golden Gate Park,1.0
109,160507449,37.77797708693672,-122.40938700577829,2016-06-22 20:56:00,2016-06-22 20:20:00,Howard Street at 7th Street,26.0,Female,Bicyclist,Bicycle vs Motor Vehicle,City Street,South of Market,6.0
110,160546635,37.7817947599926,-122.49238374613608,2016-07-06 13:38:00,2016-07-06 13:15:00,182 32nd Avenue,75.0,Male,Driver,Motor Vehicle Collision,City Street,Outer Richmond,1.0
111,160552450,37.761417279577294,-122.48342310261336,2016-07-15 16:33:00,2016-07-08 00:00:00,Judah Street and 25th Avenue,88.0,Male,Pedestrian,Pedestrian vs LRV,City Street,Sunset/Parkside,4.0
112,160878961,37.746782037138665,-122.47590202077916,2016-11-04 19:05:00,2016-10-28 16:33:00,19th Avenue at Rivera Street,67.0,Male,Pedestrian,Pedestrian vs Motor Vehicle,City Street,West of Twin Peaks,7.0
113,160902877,37.76867297676579,-122.4273264693634,2016-11-05 19:58:00,2016-11-05 19:48:00,IFO 2027 Market Street,68.0,Male,Pedestrian,Pedestrian vs Motor Vehicle,City Street,Castro/Upper Market,8.0
114,160976537,37.799000050102414,-122.44264789723242,2016-12-01 12:37:00,2016-12-01 11:49:00,Lombard Street and Divisadero Street,45.0,Male,Driver,Motor Vehicle Collision,City Street,Marina,2.0
115,160983112,37.731339956630514,-122.4557211954568,2016-12-03 22:58:00,2016-12-03 17:27:00,Monterey Blvd and Valdez Avenue,64.0,Female,Pedestrian,Pedestrian vs Motor Vehicle,City Street,West of Twin Peaks,7.0
116,160974616,37.72308504837186,-122.44327377954198,2016-12-11 17:25:00,2016-11-30 18:19:00,Ocean Avenue at Delano Avenue,72.0,Male,Pedestrian,Pedestrian vs Motor Vehicle,City Street,Outer Mission,11.0
117,161004191,37.77375970048751,-122.40851633075717,2016-12-14 19:55:00,2016-12-11 19:55:00,8th Street and Harrison Street,70.0,Male,Bicyclist,Bicycle vs Motor Vehicle,City Street,South of Market,6.0
118,170172797,37.72993058822092,-122.43011091749904,2017-03-02 12:40:00,2017-03-01 18:44:00,Mission St at Ney Street,50.0,Female,Pedestrian,Pedestrian vs Motor Vehicle,City Street,Excelsior,11.0
119,170226582,37.800965056249176,-122.4126596608848,2017-03-19 23:25:00,2017-03-19 00:00:00,Mason Street and Filbert St,92.0,Male,Pedestrian,Pedestrian vs Cable Car,City Street,Chinatown,3.0
120,170348073,37.770656736727865,-122.38948328106476,2017-04-28 16:23:00,2017-04-28 11:28:00,3rd Street and Mission Bay Blvd South,25.0,Male,Bicyclist,Bicycle vs Motor Vehicle,City Street,Mission Bay,6.0
121,170352541,37.72227374316909,-122.48503747044523,2017-04-29 23:37:00,2017-04-29 23:29:00,Lake Merced Blvd. 300 ft south of Font Blvd,77.0,Female,Pedestrian,Pedestrian vs Motor Vehicle,City Street,Lakeshore,7.0
122,170503211,37.729775575997195,-122.43338684426983,2017-06-20 19:09:00,2017-06-20 18:00:00,Silver Avenue at Alemany Boulevard,51.0,Male,Bicyclist,Bicycle vs Motor Vehicle,City Street,Outer Mission,11.0
123,170511151,37.806225384730325,-122.4087474430318,2017-06-29 21:28:00,2017-06-23 12:37:00,100 Block of Bay Street,59.0,Male,Motorcyclist,Motorcycle vs Motor Vehicle,City Street,North Beach,3.0
124,170588291,37.784953879702925,-122.42798892701636,2017-07-19 20:33:00,2017-07-19 20:23:00,Laguna Street and Geary Blvd,29.0,Male,Motorcyclist,Motorcycle vs Truck,City Street,Western Addition,5.0
125,170028322,37.797513407359176,-122.43215351401358,2017-01-11 14:04:00,2017-01-11 12:33:00,Union Street at Buchanan Street,76.0,Female,Pedestrian,Pedestrian vs Motor Vehicle,City Street,Marina,2.0
126,170141720,37.7367596132621,-122.3794099112352,2017-02-18 22:11:00,2017-02-18 21:23:00,Middle Point Road at West Point Road,26.0,Male,Motorcyclist,Dirt Bike Collision,City Street,Bayview Hunters Point,10.0
127,170753632,37.76958607626767,-122.40758738741344,2017-09-15 08:25:00,2017-09-15 08:15:00,Brannan Street and Dore Street,41.0,Female,Pedestrian,Pedestrian vs Motor Vehicle,City Street,South of Market,6.0
128,170773458,37.744184021960606,-122.3989022360992,2017-09-22 02:25:00,2017-09-22 02:15:00,2075 Jerrold Avenue,56.0,Male,Pedestrian,Pedestrian vs Motor Vehicle,City Street,Bayview Hunters Point,10.0
129,170785970,37.781854205126166,-122.41386375710368,2017-09-27 14:15:00,2017-09-26 12:42:00,Leavenworth Street and Golden Gate Avenue,66.0,Male,Pedestrian,Pedestrian vs Motor Vehicle,City Street,Tenderloin,5.0
130,170810464,37.77363529637952,-122.44092179249878,2017-10-04 23:09:00,2017-10-04 17:22:00,Baker Street at Fell Street,90.0,Male,Pedestrian,Pedestrian vs Motor Vehicle,City Street,Hayes Valley,5.0
131,170891038,37.73383602877292,-122.4933465334236,2017-10-31 20:25:00,2017-10-31 20:25:00,1800 Block of Sloat Boulevard,47.0,Male,Pedestrian,Pedestrian vs Motor Vehicle,City Street,Sunset/Parkside,4.0
132,170914715,37.78193217360364,-122.46542291532748,2017-11-09 17:55:00,2017-11-09 12:19:00,7th Avenue and Geary Boulevard,78.0,Female,Pedestrian,Pedestrian vs Motor Vehicle,City Street,Inner Richmond,1.0
133,170625865,37.7100128558735,-122.39149799846103,2017-08-01 19:17:00,2017-08-01 19:02:00,Harney Way West of Executive Park Boulevard,37.0,Female,Pedestrian,Pedestrian vs Motor Vehicle,City Street,Bayview Hunters Point,10.0
134,170674016,37.73245493321498,-122.41588443703344,2017-08-18 18:12:00,2017-08-18 18:01:00,500 Block of Alemany Boulevard,49.0,Male,Motorcyclist,Motorcycle Collision,City Street,Bernal Heights,9.0
135,170674602,37.770291755667,-122.4372265533854,2017-08-18 23:12:00,2017-08-18 00:00:00,824 Waller Street,52.0,Female,Pedestrian,Pedestrian vs Motor Vehicle,City Street,Haight Ashbury,8.0
136,170989611,37.7242999611317,-122.45816783664336,2017-12-07 08:29:00,2017-12-07 08:29:00,Miramar Avenue and Ocean Avenue,63.0,Female,Pedestrian,Pedestrian vs Motor Vehicle,City Street,Oceanview/Merced/Ingleside,11.0
137,170996597,37.74862541106767,-122.47601813686768,2017-12-09 16:35:00,2017-12-09 16:35:00,19th Avenue and Quintara Street,69.0,Female,Pedestrian,Pedestrian vs Motor Vehicle,City Street,West of Twin Peaks,7.0
143,180060546,37.71855542160001,-122.412859192,2018-01-23 13:10:00,2018-01-23 13:09:00,Mansell Street near Visitacion Avenue,34.0,Male,Driver,Motor Vehicle Collision,City Street,McLaren Park,9.0
144,180146340,37.708999301900015,-122.458241195,2018-02-24 07:07:00,2018-02-24 06:27:00,Intersection of San Jose Avenue and Rice Street,66.0,Male,Pedestrian,Pedestrian vs Motor Vehicle,City Street,Outer Mission,11.0
145,180198880,37.79761285939997,-122.40873591199998,2018-03-16 06:52:00,2018-03-16 05:00:00,IFO 732 Broadway Street,63.0,Female,Pedestrian,Pedestrian vs Motor Vehicle,City Street,Chinatown,3.0
146,180283419,37.7260015564,-122.464220184,2018-04-17 09:49:00,2018-04-17 09:00:00,Victoria Street at Ocean Avenue,80.0,Female,Pedestrian,Pedestrian vs Motor Vehicle,City Street,West of Twin Peaks,7.0
147,180313721,37.726990700399995,-122.47490034400002,2018-04-28 02:19:00,2018-04-28 01:40:00,19th Ave at Winston Drive,34.0,Male,Pedestrian,Pedestrian vs Motor Vehicle,City Street,Lakeshore,7.0
148,180401019,37.74615814469998,-122.387191491,2018-05-29 21:46:00,2018-05-29 00:00:00,IFO 3450 Cargo Way,25.0,Female,Driver,Motor Vehicle Collision,City Street,Bayview Hunters Point,10.0
149,180438727,37.7448022701,-122.43478335099996,2018-06-13 15:07:00,2018-06-13 00:00:00,IFO 562 28th Street,34.0,Female,Pedestrian,Pedestrian vs Motor Vehicle,City Street,Noe Valley,8.0
150,180477587,37.8051849017,-122.40343572499998,2018-07-09 19:30:00,2018-06-27 16:13:00,Embarcadero and Sansome Street,66.0,Male,Bicyclist,Bicycle vs Motor Vehicle,City Street,North Beach,3.0
151,180530204,37.73400695109999,-122.49338000400002,2018-07-17 12:11:00,2018-07-17 10:06:00,36th Avenue at Sloat Boulevard,69.0,Male,Pedestrian,Pedestrian vs Motor Vehicle,City Street,Sunset/Parkside,4.0
152,180504760,37.764859538,-122.419650499,2018-07-09 11:56:00,2018-07-07 19:48:00,16th Street and Mission Street,39.0,Male,Pedestrian,Pedestrian vs Motor Vehicle,City Street,Mission,9.0
153,180641378,37.7555090609,-122.39779335,2018-08-25 16:19:00,2018-08-25 15:40:00,Arkansas Street and 23rd Street,33.0,Male,Motorcyclist,Motorcycle vs Motor Vehicle,City Street,Potrero Hill,10.0
154,180580679,37.781213477799994,-122.45999965800002,2018-08-16 20:50:00,2018-08-04 01:23:00,Arguello Boulevard and Geary Boulevard,54.0,Male,Pedestrian,Pedestrian vs Motor Vehicle,City Street,Inner Richmond,1.0
155,180620485,37.7848391021,-122.412776698,2018-08-31 00:35:00,2018-08-18 03:08:00,Ellis Street and Jones Street,57.0,Male,Pedestrian,Pedestrian vs Motor Vehicle,City Street,Tenderloin,5.0
156,180610630,37.7832143128,-122.410764827,2018-08-14 18:24:00,2018-08-14 17:43:00,Turk Street and Taylor Street,65.0,Male,Bicyclist,Bicycle vs Motor Vehicle,City Street,Tenderloin,5.0
157,180693868,37.770658363200006,-122.417486931,2018-09-13 20:19:00,2018-09-13 12:06:00,IFO 1675 Howard Street,56.0,Male,Bicyclist,Bicycle vs Motor Vehicle,City Street,Mission,6.0
158,180709227,37.77496862099997,-122.413190792,2018-09-18 23:52:00,2018-09-18 23:40:00,1300 Block of Howard Street at Washburn Street,61.0,Male,Pedestrian,Pedestrian vs Motor Vehicle,City Street,South of Market,6.0
159,180710860,37.73888170779999,-122.414576128,2018-09-20 02:20:00,2018-09-19 14:49:00,Cortland Avenue and Ellsworth Street,75.0,Female,Pedestrian,Pedestrian vs Motor Vehicle,City Street,Bernal Heights,9.0
160,180720358,37.788074223,-122.421969686,2018-09-25 12:30:00,2018-09-22 21:00:00,Van Ness Avenue at Fern Street,42.0,Male,Pedestrian,Pedestrian vs Motor Vehicle,City Street,Nob Hill,3.0
161,180750377,37.77271938070001,-122.44068390799998,2018-10-05 20:54:00,2018-10-03 21:15:00,Baker Street and Oak Street,60.0,Male,Pedestrian,Pedestrian vs Motor Vehicle,City Street,Haight Ashbury,5.0
162,180839573,37.7974931521,-122.409689044,2018-11-05 07:18:00,2018-11-05 06:00:00,Powell Street and Broadway Street,23.0,Female,Motorcyclist,Motorcycle vs Motor Vehicle,City Street,Chinatown,3.0
163,180840439,37.7983727036,-122.41045615799996,2018-11-05 12:45:00,2018-11-05 12:38:00,Intersection of Powell Street and Vallejo Street,86.0,Female,Pedestrian,Pedestrian vs Motor Vehicle,City Street,Chinatown,3.0
164,180862035,37.7269798322,-122.39357015699998,2018-12-02 04:05:00,2018-11-13 12:00:00,3rd Street and Armstrong Avenue,83.0,Female,Pedestrian,Pedestrian vs Motor Vehicle,City Street,Bayview Hunters Point,10.0
165,180968310,37.72291949889998,-122.44922971599998,2018-12-24 23:55:00,2018-12-24 11:12:00,845 Holloway Ave,58.0,Male,Driver,Motor Vehicle Collision,City Street,Oceanview/Merced/Ingleside,11.0
166,190001944,37.76921934959998,-122.45311311,2019-01-02 00:00:00,2019-01-01 18:05:00,Haight Street and Stanyan Street,84.0,Female,Pedestrian,Pedestrian vs Motor Vehicle,City Street,Haight Ashbury,5.0
167,190070187,37.77340701079999,-122.506821259,2019-01-29 00:00:00,2019-01-28 17:59:00,46th Avenue and Cabrillo Street,84.0,Female,Pedestrian,Pedestrian vs Motor Vehicle,City Street,Outer Richmond,1.0
168,190144312,37.78422249150001,-122.477509348,2019-02-27 00:00:00,2019-02-26 20:07:00,18th Avenue and California Street,64.0,Female,Pedestrian,Pedestrian vs Motor Vehicle,City Street,Outer Richmond,1.0
169,190099121,37.71226841859997,-122.401852829,2019-02-09 00:00:00,2019-02-09 07:21:00,IFO 2189 Bayshore Boulevard,78.0,Female,Driver,Motor Vehicle Collision,City Street,Bayview Hunters Point,10.0
170,190151981,37.718776863099976,-122.420703362,2019-03-01 00:00:00,2019-03-01 19:05:00,Mansell Street and Brazil Avenue near Persia Avenue,45.0,Male,Driver,Motor Vehicle Collision,City Street,McLaren Park,10.0
171,190187691,37.716472588,-122.496531302,2019-03-25 00:00:00,2019-03-15 18:16:00,IFO 655 John Muir Drive,14.0,Female,Pedestrian,Pedestrian vs Motor Vehicle,City Street,Lakeshore,7.0
172,190226493,37.74947845909999,-122.40286630899998,2019-03-31 00:00:00,2019-03-31 03:04:00,Cesar Chavez Street near Kansas Street,31.0,Female,Passenger,Motor Vehicle Collision,City Street,Potrero Hill,10.0
173,190151044,37.74643619110001,-122.456096787,2019-03-04 00:00:00,2019-03-01 12:25:00,IFO 255 Woodside Ave,37.0,Male,Pedestrian,Pedestrian vs Motor Vehicle,City Street,West of Twin Peaks,7.0
174,190160437,37.78190134319998,-122.41387328400002,2019-03-07 00:00:00,2019-03-05 10:29:00,Golden Gate Avenue and Leavenworth Street,58.0,Female,Pedestrian,Pedestrian vs Motor Vehicle,City Street,Tenderloin,5.0
175,190168033,37.7798919977,-122.406965922,2019-03-08 00:00:00,2019-03-08 08:19:00,6th Street and Howard Street,30.0,Female,Bicyclist,Pedestrian vs Motor Vehicle,City Street,South of Market,6.0
176,190288948,37.77848621469999,-122.410026015,2019-04-23 00:00:00,2019-04-23 12:16:00,IFO 160 7th Street,26.0,Male,Exterior Passenger,Motor Vehicle Collision,City Street,South of Market,6.0
177,190309215,37.7852475268,-122.43987261299998,2019-05-01 00:00:00,2019-05-01 00:00:00,Divisadero Street and Sutter Street,77.0,Female,Pedestrian,Pedestrian vs Motor Vehicle,City Street,Japantown,5.0
178,190338474,37.78161360490001,-122.415496937,2019-05-11 00:00:00,2019-05-11 19:31:00,Hyde Street and Golden Gate Avenue,65.0,Male,Pedestrian,Pedestrian vs Motor Vehicle,City Street,Tenderloin,5.0
179,190338929,37.7896204372,-122.42049344199997,2019-05-11 00:00:00,2019-05-11 22:12:00,Polk Street and Pine Street,47.0,Male,Motorcyclist,Motor Vehicle Collision,City Street,Nob Hill,3.0
180,190384182,37.784952298199975,-122.427986102,2019-05-31 00:00:00,2019-05-29 05:25:00,Geary Boulevard and Laguna Street,86.0,Female,Pedestrian,Pedestrian vs Motor Vehicle,City Street,Western Addition,2.0
218,190452892,37.72243160410002,-122.395622761,2019-06-23 00:00:00,2019-06-23 01:14:00,Third Street and Paul Avenue,27.0,Male,Driver,Motor Vehicle Collision,City Street,Bayview Hunters Point,10.0
219,190452892,37.72243160410002,-122.395622761,2019-06-23 00:00:00,2019-06-23 01:14:00,Third Street and Paul Avenue,49.0,Female,Passenger,Motor Vehicle Collision,City Street,Bayview Hunters Point,10.0
220,190455222,37.7844488906,-122.472585868,2019-06-24 00:00:00,2019-06-24 03:03:00,California Street and Funston Avenue,56.0,Male,Driver,Motor Vehicle Collision,City Street,Inner Richmond,1.0
221,190463504,37.788535930599984,-122.39603476599996,2019-06-28 00:00:00,2019-06-27 01:53:00,First Street and Howard Street,30.0,Male,Pedestrian,Pedestrian vs Motor Vehicle,City Street,Financial District/South Beach,6.0
222,190519884,37.78437641039999,-122.409314656,2019-07-18 00:00:00,2019-07-18 05:35:00,Eddy Street and Mason Steet,54.0,Male,Pedestrian,Pedestrian vs Motor Vehicle,City Street,Tenderloin,5.0
223,190528318,37.7859962358,-122.411325582,2019-07-21 00:00:00,2019-07-21 14:08:00,Taylor Street at O'Farrell Street,39.0,Male,Pedestrian,Pedestrian vs Motor Vehicle,City Street,Tenderloin,3.0
224,190587154,37.7839042584,-122.40809497199996,2019-08-11 00:00:00,2019-08-11 20:50:00,Market Street and Fifth Street,79.0,Female,Pedestrian,Pedestrian vs Motor Vehicle,City Street,South of Market,6.0
228,190569613,37.72049071149999,-122.38541878099998,2019-08-04 00:00:00,2019-08-04 23:56:00,Carroll Ave at Giants Dr.,59.0,Male,Pedestrian,Pedestrian vs Motor Vehicle,City Street,Bayview Hunters Point,10.0
229,190752012,37.7362883942,-122.377165952,2019-10-06 00:00:00,2019-10-06 15:39:00,Hunters Point Blvd at Evans Ave,50.0,Male,Driver,Motor Vehicle Collision,City Street,Bayview Hunters Point,10.0
230,190722474,37.77592540629998,-122.437989848,2019-10-13 00:00:00,2019-10-13 19:57:00,Divisadero St at Grove St,70.0,Female,Driver,Motor Vehicle Collision,City Street,Hayes Valley,5.0
231,190824207,37.76022455409999,-122.417012185,2019-10-31 00:00:00,2019-10-31 15:26:00,South Van Ness Ave at 19th St,69.0,Female,Pedestrian,Pedestrian vs Motor Vehicle,City Street,Mission,9.0
232,190828691,37.7661341761,-122.401692931,2019-11-02 00:00:00,2019-11-02 08:48:00,16th St at De Haro St,77.0,Male,Pedestrian,Pedestrian vs Motor Vehicle,City Street,Mission Bay,10.0
233,190921029,37.7281617454,-122.40223505699996,2019-12-07 00:00:00,2019-12-07 06:07:00,Bacon Street and Bayshore Boulevard,79.0,Female,Pedestrian,Pedestrian vs Motor Vehicle,City Street,Portola,9.0
234,190956816,37.72526570859999,-122.46221250299998,2019-12-21 00:00:00,2019-12-21 01:07:00,Ocean Ave at Ashton Ave,66.0,Male,Driver,Motor Vehicle Collision,City Street,Oceanview/Merced/Ingleside,11.0
257,200028143,37.70885360554461,-122.40510945387248,2020-01-12 01:47:00,2020-01-12 01:16:00,Bayshore Boulevard and Sunnydale Avenue,21.0,Male,Exterior Passenger,LRV Collision,City Street,Bayview Hunters Point,10.0
258,200064846,37.76756653245504,-122.41991244715324,2020-01-26 17:29:00,2020-01-26 16:45:00,Mission Street south of 14th Street,30.0,Male,Motorcyclist,Motorcycle vs Motor Vehicle,City Street,Mission,9.0
261,,37.78496026004923,-122.41954785444854,2020-02-24 15:52:00,2020-02-24 08:30:00,Polk Street and O'Farrell Street,80.0,Male,Pedestrian,Pedestrian vs Motor Vehicle,City Street,Tenderloin,5.0
262,200154497,37.78693970625616,-122.41151576686327,2020-03-01 08:03:00,2020-03-01 07:27:00,Geary Boulevard at Taylor Street,67.0,Female,Pedestrian,Pedestrian vs Motor Vehicle,City Street,Tenderloin,3.0
263,200166890,37.761700908871845,-122.42157840092688,2020-03-09 21:57:00,2020-03-05 23:00:00,Valencia Street at 18th Street,49.0,Male,Pedestrian,Pedestrian vs Motor Vehicle,City Street,Mission,9.0
267,200020387,37.82317492258412,-122.37490669983504,2020-01-08 23:50:00,2020-01-08 23:33:00,"West end 9th Street at Avenue B, Treasure Island",45.0,Male,Driver,Motor Vehicle Collision,City Street,Treasure Island,6.0
268,,37.76478345249901,-122.42410268484156,2020-03-17 21:44:00,2020-03-17 20:15:00,Guerrero Street at 16th Street,36.0,Male,Motorcyclist,Motorcycle vs Motor Vehicle,City Street,Mission,8.0
269,200252819,37.75242680127862,-122.39458697760482,2020-04-21 19:35:00,2020-04-21 17:30:00,Dakota Street and 25th Street,28.0,Female,Driver,Motor Vehicle Collision,City Street,Bayview Hunters Point,10.0
271,200252819,37.75242699311767,-122.39458709646011,2020-04-21 21:45:00,2020-04-21 17:30:00,Dakota Street and 25th Street,32.0,Female,Passenger,Motor Vehicle Collision,City Street,Bayview Hunters Point,10.0
274,200324214,37.765991207374874,-122.45596768013012,2020-05-29 08:07:00,2020-05-29 07:30:00,Westbound 600 block of Frederick Street,31.0,Male,Bicyclist,Bicycle vs Motor Vehicle,City Street,Inner Sunset,8.0
275,200366197,37.72403561320092,-122.40210839181567,2020-06-18 10:18:00,2020-06-18 07:00:00,Dwight Street and San Bruno Avenue,63.0,Male,Pedestrian,Pedestrian vs Motor Vehicle,City Street,Portola,9.0
276,200367474,37.76606248719723,-122.47736282965312,2020-06-18 17:15:00,2020-06-18 16:38:00,Crossover Drive and Martin Luther King Jr. Drive,53.0,Male,Motorcyclist,Motorcycle vs Motor Vehicle,City Street,Golden Gate Park,4.0
277,200414031,37.77825101707722,-122.41988322968012,2020-07-13 20:13:00,2020-07-10 21:29:00,Grove Street and Van Ness Avenue,58.0,Male,Pedestrian,Pedestrian vs Motor Vehicle,City Street,Hayes Valley,5.0
278,200431392,37.74713195706157,-122.40169562533887,2020-07-19 12:07:00,2020-07-19 11:59:00,Bayshore Boulevard and Jerrold Avenue,53.0,Male,Pedestrian,Pedestrian vs Motor Vehicle,City Street,Bayview Hunters Point,10.0
279,200428418,37.759029397916585,-122.42584342223284,2020-07-17 18:00:00,2020-07-17 13:13:00,Dolores Street and Cumberland Street,23.0,Male,Bicyclist,Pedestrian vs Bicyclist,City Street,Castro/Upper Market,8.0
280,200457348,37.76606248719723,-122.47736282965312,2020-08-02 13:16:00,2020-07-30 19:08:00,Martin Luther King Drive and 19th Avenue,23.0,Male,Pedestrian,Pedestrian Collision,City Street,Golden Gate Park,4.0
281,200480593,37.785354269046216,-122.42469094686636,2020-08-11 07:08:00,2020-08-11 06:58:00,Geary Boulevard and Gough Street,50.0,Male,Pedestrian,Pedestrian vs Motor Vehicle,City Street,Japantown,2.0
282,200491142,37.71266781323535,-122.4317012887402,2020-08-15 20:31:00,2020-08-15 19:30:00,1500 block of Geneva Avenue at Prague Street,63.0,Male,Driver,Motor Vehicle Collision,City Street,Excelsior,11.0
285,200539021,37.77883663274191,-122.44534673997646,2020-09-07 14:32:00,2020-09-07 14:26:00,Turk Boulevard at Central Avenue,57.0,Male,Motorcyclist,Motorcycle vs Motor Vehicle,City Street,Lone Mountain/USF,2.0
286,200592740,37.749684623085095,-122.39728541610698,2020-10-02 04:50:00,2020-10-02 00:00:00,Cesar Chavez Street and Evans Avenue,55.0,Male,Pedestrian,Pedestrian vs Motor Vehicle,City Street,Bayview Hunters Point,10.0
287,200616209,37.77725391818992,-122.45858063001226,2020-10-13 01:11:00,2020-10-13 00:38:00,Turk Boulevard and Arguello Boulevard,57.0,Male,Driver,Motor Vehicle Collision,City Street,Lone Mountain/USF,1.0
288,200618722,37.77393537206349,-122.44609172631633,2020-10-14 04:23:00,2020-10-14 00:00:00,Masonic Avenue and Hayes Street,42.0,Male,Motorcyclist,Motorcycle vs Motor Vehicle,City Street,Lone Mountain/USF,5.0
289,200649216,37.78827973250724,-122.42359407220243,2020-10-27 19:44:00,2020-10-27 19:03:00,Franklin Street at Bush Street,30.0,Male,Motorcyclist,Motorcycle vs Motor Vehicle,City Street,Western Addition,2.0
291,200704616,37.7657832994918,-122.4075342296065,2020-12-07 00:00:00,2020-11-21 19:31:00,16th Street and Potrero Avenue,,Male,Driver,Motor Vehicle Collision,City Street,Mission,9.0
292,200725327,37.76560583888232,-122.41048668921316,2020-12-01 20:08:00,2020-12-01 00:00:00,16th Street and Bryant Street,33.0,Male,Standup Powered Device Rider,e-Scooter vs Motor Vehicle,City Street,Mission,9.0
293,200752258,37.77945546849157,-122.49866461951136,2020-12-01 19:05:00,2020-12-01 00:00:00,38th Avenue and Geary Boulevard,68.0,Male,Pedestrian,Pedestrian vs Motor Vehicle,City Street,Outer Richmond,1.0
294,200729614,37.802336811683766,-122.40025916696705,2020-12-06 17:26:00,2020-12-03 13:54:00,700 Block of Embarcadero,51.0,Male,Standup Powered Device Rider,e-Scooter Collision,City Street,Financial District/South Beach,3.0
296,,37.788007160701056,-122.3997980237196,2020-12-31 00:00:00,2020-12-31 00:00:00,Mission Street and 2nd Street,60.0,Female,Pedestrian,Pedestrian vs Motor Vehicle,City Street,Financial District/South Beach,6.0
297,,37.788007160701056,-122.3997980237196,2020-12-31 00:00:00,2020-12-31 00:00:00,Mission Street and 2nd Street,27.0,Female,Pedestrian,Pedestrian vs Motor Vehicle,City Street,Financial District/South Beach,6.0
298,200788171,37.77290912275509,-122.42218643820335,2021-01-19 00:00:00,2020-12-30 00:00:00,Gough Street and Market Street,81.0,Male,Motorcyclist,Motorcycle Collision,City Street,Hayes Valley,6.0
300,210046204,37.70981244653432,-122.4710277637516,2021-01-20 22:52:00,2021-01-20 22:38:00,Junipero Serra Blvd and Alemany Blvd,47.0,Male,Driver,Motor Vehicle Collision,City Street,Oceanview/Merced/Ingleside,7.0
301,210043288,37.75204680982306,-122.421595151812,2021-01-23 03:54:00,2021-01-19 20:31:00,24th Street and San Jose Avenue,85.0,Male,Pedestrian,Pedestrian vs Motor Vehicle,City Street,Mission,8.0
302,210078605,37.71857435924796,-122.4850767869654,2021-02-04 08:04:00,2021-02-04 07:56:00,Lake Merced Boulevard and Higuera Avenue,27.0,Male,Pedestrian,Pedestrian vs Motor Vehicle,City Street,Lakeshore,7.0
304,210092188,37.71858492998504,-122.39204998252886,2021-02-10 10:24:00,2021-02-10 10:11:00,Ingerson Avenue and Redondo Street,12.0,Male,Pedestrian,Pedestrian vs Motor Vehicle,City Street,Bayview Hunters Point,10.0
307,210137687,37.7164595455178,-122.4410195624394,2021-03-02 22:40:00,2021-03-02 12:57:00,Geneva Avenue and Mission Street,79.0,Female,Pedestrian,Pedestrian vs Motor Vehicle,City Street,Excelsior,11.0
308,210151358,37.72289741404099,-122.40490719998289,2021-03-09 01:25:00,2021-03-08 14:00:00,600 block of Goettingen Street,63.0,Male,Bicyclist,Bicycle Collision,City Street,Portola,9.0
310,210190726,37.72180931029443,-122.41648441787,2021-03-27 12:23:00,2021-03-27 11:40:00,Cambridge Street and John F. Shelley Drive,18.0,Male,Motorcyclist,Motorcycle Collision,City Street,McLaren Park,11.0
311,210206414,37.783784933742325,-122.39893033200352,2021-04-03 14:27:00,2021-04-03 13:00:00,Third Street and Folsom Street,78.0,Male,Pedestrian,Pedestrian vs Motor Vehicle,City Street,South of Market,6.0
313,210215722,37.7795641496944,-122.43195180267146,2021-04-14 19:22:00,2021-04-07 15:51:00,Golden Gate Avenue and Fillmore Street,81.0,Female,Pedestrian,Pedestrian vs Motorcycle,City Street,Western Addition,5.0
314,210250518,37.78065582775447,-122.47231225588575,2021-04-24 00:33:00,2021-04-24 00:22:00,Geary Boulevard and Park Presidio Boulevard,28.0,Male,Pedestrian,Pedestrian vs Motor Vehicle,City Street,Outer Richmond,1.0
315,210306199,37.77751171073788,-122.41804316646618,2021-05-18 19:14:00,2021-05-18 18:59:00,Polk Street and Hayes Street,29.0,Female,Pedestrian,Pedestrian vs Motor Vehicle,City Street,Tenderloin,6.0
316,210312431,37.79097319159971,-122.4173913354213,2019-06-15 22:29:00,2021-05-21 11:14:00,California Street and Hyde Street,25.0,Male,Motorcyclist,Motorcycle Collision,City Street,Nob Hill,3.0
317,210330706,37.765314639540925,-122.41530838931412,2021-06-25 14:48:00,2021-05-28 21:22:00,16th Street and Folsom Street,72.0,Female,Pedestrian,Pedestrian vs Motor Vehicle,City Street,Mission,9.0
318,210481280,37.813223804380726,-122.37103153837926,2021-07-29 21:39:00,2021-07-29 00:00:00,Treasure Island Road and Macalla Road,54.0,Male,Pedestrian,Pedestrian vs Motor Vehicle,City Street,Treasure Island,6.0
319,210517472,37.71276659553583,-122.43192723554507,2021-08-13 22:52:00,2021-08-13 22:14:00,Geneva Avenue and Prague Street,32.0,Male,Motorcyclist,Motorcycle vs Motor Vehicle,City Street,Excelsior,11.0
320,210519687,37.78415186358491,-122.43456209847798,2021-08-15 01:59:00,2021-08-15 01:51:00,Geary Boulevard and Steiner Street,25.0,Female,Motorcyclist,Motorcycle Collision,City Street,Western Addition,5.0
321,210544060,37.785743989855305,-122.4058310112514,2021-08-17 14:08:00,2021-08-15 03:00:00,Market Street and 4th Street,27.0,Male,Standup Powered Device Rider,e-Scooter Collision,City Street,South of Market,6.0
322,210580951,37.7843492692832,-122.40930917933537,2021-09-08 23:45:00,2021-09-08 23:14:00,Mason Street at Eddy Street,42.0,Male,Motorcyclist,Motorcycle vs Motor Vehicle,City Street,Tenderloin,5.0
324,210606400,37.758226828542085,-122.42576680671888,2021-09-18 23:20:00,2021-09-18 22:40:00,20th Street at Dolores Street,47.0,Male,Bicyclist,Bicycle Collision,City Street,Mission,8.0
325,210606701,37.73585911267676,-122.4081690986622,2021-09-19 01:58:00,2021-09-19 02:23:00,Alemany Blvd at San Bruno Ave,39.0,Female,Driver,Motor Vehicle Collision,City Street,Portola,9.0
326,210671356,37.78007469524043,-122.4202471839141,2021-10-14 02:23:00,2021-10-14 01:00:00,Van Ness Ave at McAllister St,36.0,Female,Pedestrian,Pedestrian vs Motor Vehicle,City Street,Hayes Valley,5.0
327,210689230,37.71177615408861,-122.3867743933592,2021-10-20 23:30:00,2021-10-20 22:00:00,Jamestown Ave at Bill Walsh Way,23.0,Male,Driver,Motor Vehicle Collision,City Street,Bayview Hunters Point,10.0
328,210647028,37.80038582388234,-122.44713057404348,2021-10-05 00:57:00,2021-10-05 00:45:00,Francisco St at Richardson Ave,40.0,Male,Motorcyclist,Motorcycle vs Motor Vehicle,City Street,Marina,2.0
329,210711253,37.76544762509755,-122.4131049714534,2021-10-30 00:18:00,2021-10-29 23:16:00,16th St at Harrison St,40.0,Male,Motorcyclist,Motorcycle vs Motor Vehicle,City Street,Mission,9.0
333,210786494,37.74172956583084,-122.38958103303904,2021-11-29 06:20:00,2021-11-29 05:50:00,Phelps Street at Galvez Ave,80.0,Male,Pedestrian,Pedestrian vs Motor Vehicle,City Street,Bayview Hunters Point,10.0
334,210739095,37.79834353657845,-122.42562550441964,2021-11-10 08:04:00,2021-11-10 07:57:00,Franklin St at Union St,30.0,Male,Pedestrian,Pedestrian vs Motor Vehicle,City Street,Marina,2.0
335,210833590,37.787548139743535,-122.42175810440789,2021-12-17 10:00:00,2021-12-17 09:47:00,Van Ness Ave at Sutter St,26.0,Male,Motorcyclist,Motorcycle Collision,City Street,Nob Hill,3.0
20220105,220010562,37.784953879702925,-122.42798892701636,2022-01-05 21:15:00,2022-01-05 21:05:00,Geary Blvd at Laguna St,33.0,Male,Pedestrian,Pedestrian vs Motor Vehicle,City Street,Western Addition,5.0
20220129,220065181,37.764166133683055,-122.50619149458082,2022-01-29 21:15:00,2022-01-29 19:34:00,46th Ave at Lincoln Way,38.0,Male,Passenger,Motor Vehicle Collision,City Street,Sunset/Parkside,4.0
20220274,220139128,37.75583251074851,-122.4121978926928,2022-03-02 07:56:00,2022-03-02 07:30:00,Harrison St at 22nd St,23.0,Male,Standup Powered Device Rider,e-Scooter vs Motor Vehicle,City Street,Mission,9.0
20220286,220146446,37.7198309821012,-122.43794063828128,2022-03-04 21:06:00,2022-03-04 20:44:00,IFO 32 France St,47.0,Male,Pedestrian,Pedestrian vs Motor Vehicle,City Street,Excelsior,11.0
20220287,220146731,37.74769952333886,-122.49751188247416,2022-03-05 01:12:00,2022-03-05 00:23:00,39th Ave at Quintara St,34.0,Female,Driver,Motor Vehicle Collision,City Street,Sunset/Parkside,4.0
20220335,220159314,37.80081414429924,-122.43627391011704,2022-03-14 13:53:00,2022-03-10 09:30:00,Chestnut St at Fillmore St,84.0,Female,Pedestrian,Pedestrian vs Motor Vehicle,City Street,Marina,2.0
20220356,220182462,37.741729176208274,-122.40632182280068,2022-03-20 09:25:00,2022-03-20 08:58:00,IFO 370 Bay Shore Blvd,67.0,Male,Motorcyclist,Motorcycle vs Motor Vehicle,City Street,Bernal Heights,9.0
20220443,220233087,37.740897516459775,-122.3847055400222,2022-04-09 15:04:00,2022-04-09 14:58:00,Mendell St at Evans St,33.0,Male,Moped,Motorcycle vs Motor Vehicle,City Street,Bayview Hunters Point,10.0
20220545,220285000,37.78321431208168,-122.41076482738804,2022-05-01 21:39:00,2022-05-01 20:26:00,Taylor St at Turk St,34.0,Female,Standup Powered Device Rider,e-Scooter vs. Vehicle,City Street,Tenderloin,5.0
20220604,220316439,37.78465714080953,-122.414430198089,2022-05-15 01:57:00,2022-05-15 01:30:00,Ellis St at Leavenworth St,58.0,Male,Pedestrian,Pedestrian vs Motor Vehicle,City Street,Tenderloin,5.0
20220605,220307096,37.79594936424781,-122.43694967677273,2022-05-15 15:50:00,2022-05-15 09:53:00,Steiner St at Green St,76.0,Female,Pedestrian,Pedestrian vs Motor Vehicle,City Street,Marina,2.0
20220644,220332736,37.7719829475295,-122.49704682195662,2022-05-21 21:48:00,2022-05-21 15:38:00,37th Ave at Fulton St,81.0,Female,Pedestrian,Pedestrian vs Motor Vehicle,City Street,Golden Gate Park,1.0
20220649,220335081,37.78624815152765,-122.4020254198228,2022-05-22 16:40:00,2022-05-22 16:30:00,3rd St at Mission St,31.0,Female,Pedestrian,Pedestrian vs Motor Vehicle,City Street,Financial District/South Beach,6.0
20220650,220335081,37.78624815152765,-122.4020254198228,2022-05-22 16:40:00,2022-05-22 16:30:00,3rd St at Mission St,72.0,Female,Pedestrian,Pedestrian vs Motor Vehicle,City Street,Financial District/South Beach,6.0
20220687,220357643,37.77482479478578,-122.4241364992255,2022-06-01 04:17:00,2022-06-01 04:05:00,Octavia Blvd at Oak St,31.0,Male,Standup Powered Device Rider,e-Scooter vs. Vehicle,City Street,Hayes Valley,5.0
20220722,220378627,37.78331088989271,-122.4175287731682,2022-06-09 18:12:00,2022-06-09 18:12:00,Larkin St at Eddy St,26.0,Male,Motorcyclist,Motorcycle vs Motor Vehicle,City Street,Tenderloin,5.0
20220736,220389016,37.757035401937536,-122.41890102881644,2022-06-14 01:07:00,2022-06-14 01:07:00,21st St at Mission St,29.0,Female,Driver,Motor Vehicle Collision,City Street,Mission,9.0
20220773,220405894,37.76518313471027,-122.41748659457066,2022-06-21 04:47:00,2022-06-21 04:47:00,South Van Ness Ave at 16th St,48.0,Male,Pedestrian,Pedestrian vs Motor Vehicle,City Street,Mission,9.0
20220795,220410865,37.80614124698443,-122.41707727810976,2022-06-29 21:30:00,2022-06-23 07:53:00,North Point east of Jones St,80.0,Male,Bicyclist,Bicycle Collision,City Street,North Beach,3.0
20220968,220536819,37.76050920940349,-122.44351704781248,2022-08-11 11:49:00,2022-08-11 11:30:00,Market St at Danvers St,41.0,Male,Motorcyclist,Motorcycle vs Motor Vehicle,City Street,Castro/Upper Market,8.0
20220982,220538235,37.70955788898439,-122.47102264278176,2022-08-13 11:00:00,2022-08-11 19:25:00,Junipero Serra Blvd underneath Alemany overpass,61.0,Male,Driver,Motor Vehicle Collision,City Street,Oceanview/Merced/Ingleside,7.0
20220995,220540995,37.78007469524043,-122.4202471839141,2022-08-17 03:18:00,2022-08-12 20:13:00,McAllister St at Van Ness Ave,47.0,Male,Pedestrian,Pedestrian vs Motor Vehicle,City Street,Hayes Valley,5.0
20220999,220318297,37.712250862470974,-122.40191474827807,2022-05-15 21:01:00,2022-05-15 21:01:00,Bayshore Blvd at Blanken St,62.0,Male,Pedestrian,Pedestrian vs LRV,City Street,Bayview Hunters Point,10.0
20221031,220750649,37.76586798612152,-122.43102547073026,2022-10-31 11:29:00,2022-10-31 23:30:00,Market St at Sanchez St,57.0,Male,Motorcyclist,Motorcycle Collision,City Street,Castro/Upper Market,8.0
20221089,220604513,37.77779901089096,-122.40029776010545,2022-09-07 22:53:00,2022-09-06 05:30:00,5th St and Bryant St,61.0,Male,Pedestrian,Pedestrian vs Motor Vehicle,City Street,South of Market,6.0
20221093,9335-2022-01673,37.77727299909231,-122.40406999963324,2022-09-08 05:19:00,2022-09-08 05:19:00,6th St and Harrison St,16.0,Male,Passenger,Motorcycle Collision,City Street,South of Market,6.0
20221094,220610429,37.79963392970328,-122.43769470533336,2022-09-08 05:38:00,2022-09-07 05:20:00,Lombard St and Steiner St,52.0,Male,Pedestrian,Pedestrian vs Motor Vehicle,City Street,Marina,2.0
20221109,220592861,37.796899747769274,-122.42196091076138,2022-09-09 17:56:00,2022-09-01 18:25:00,Polk St at Vallejo St,95.0,Female,Pedestrian,Pedestrian vs Motor Vehicle,City Street,Russian Hill,3.0
20221193,220665725,37.77320951026487,-122.47016269341206,2022-09-29 00:27:00,2022-09-28 23:21:00,Golden Gate Park south of Fulton Street and 12th Avenue,37.0,Male,Driver,Motor Vehicle Collision,City Street,Golden Gate Park,1.0
20221297,220731586,37.744681183663445,-122.48118121488804,2022-10-24 11:03:00,2022-10-24 10:45:00,24th Ave at Santiago St,66.0,Female,Pedestrian,Pedestrian vs Motor Vehicle,City Street,Sunset/Parkside,4.0
20221300,220726929,37.725692145776314,-122.47510883263776,2022-10-24 03:58:00,2022-10-22 12:41:00,19th Ave at Buckingham Way,75.0,Female,Pedestrian,Pedestrian vs Motor Vehicle,City Street,Lakeshore,7.0
20221318,220741632,37.76903613690056,-122.41342702246178,2022-10-28 02:12:00,2022-10-25 01:45:00,Harrison St between 13th St and 14th St,48.0,Male,Motorcyclist,Motorcycle Collision,City Street,Mission,9.0
20221535,220838160,37.71420819815295,-122.43617656917128,2022-11-21 04:15:00,2022-12-06 22:13:00,Geneva Ave and Naples St,51.0,Male,Pedestrian,Pedestrian vs Motor Vehicle,City Street,Excelsior,11.0
20221537,220838671,37.748211998287765,-122.41586300015338,2022-12-07 09:34:00,2022-12-07 09:20:00,Cesar Chavez St and South Van Ness  Ave,29.0,Male,Motorcyclist,Motorcycle vs Motor Vehicle,City Street,Bernal Heights,9.0
20221538,2208401437,37.71243621175055,-122.43007433122538,2022-12-07 19:43:00,2022-12-07 19:33:00,Geneva Ave east of Prague St,55.0,Male,Pedestrian,Pedestrian vs Motor Vehicle,City Street,Excelsior,11.0
20221581,,37.729222731071474,-122.41519258838916,2022-12-15 11:55:00,2022-11-27 13:00:00,Silver Ave at University St,80.0,Male,Standup Powered Device Rider,e-Scooter Collision,City Street,Portola,9.0
20221632,220879277,37.80645395217273,-122.43639239245653,2022-12-24 05:07:00,2022-12-24 05:18:00,Marina Blvd west of Webster St,24.0,Female,Driver,Motor Vehicle Collision,City Street,Marina,2.0
20221662,220887242,37.80612451095784,-122.40954532392044,2022-12-28 05:12:00,2022-12-28 05:01:00,Bay St east of Stockton St,38.0,Male,Pedestrian,Pedestrian vs Motor Vehicle,City Street,North Beach,3.0
20221668,220882123,37.78331088989271,-122.4175287731682,2022-12-29 10:04:00,2022-12-25 20:08:00,Larkin St and Eddy St,63.0,Female,Pedestrian,Pedestrian vs Motor Vehicle,City Street,Tenderloin,5.0
20230008,230002236,37.76835372068856,-122.40781348708222,2023-01-01 22:45:00,2023-01-01 20:19:00,Alameda St and Potrero Ave,50.0,Female,Pedestrian,Pedestrian vs Motor Vehicle,City Street,Mission,9.0
20230057,230022717,37.76491737750546,-122.42188644581422,2023-01-10 18:41:00,2023-01-10 17:51:00,16th St & Valencia St,65.0,Female,Pedestrian,Pedestrian vs Motor Vehicle,City Street,Mission,9.0
20230131,230050348,37.7657832994918,-122.4075342296065,2023-01-22 02:11:00,2023-01-22 03:13:00,16th St & Potrero Ave,39.0,Male,Passenger,Motor Vehicle Collision,City Street,Mission,9.0
20230135,230052479,37.78315142791792,-122.42255798140488,2023-01-23 06:00:00,2023-01-23 05:30:00,Franklin St between Ellis and Eddy Sts,44.0,Female,Pedestrian,Pedestrian vs Motor Vehicle,City Street,Western Addition,2.0
20230246,230100943,37.77359235301197,-122.43756151914768,2023-02-11 12:57:00,2023-02-10 23:55:00,Divisadero St between Fell and Oak Sts,36.0,Male,Passenger,Motor Vehicle Collision,City Street,Hayes Valley,5.0
20230550,230251223,37.787232209378764,-122.41326394102023,2023-04-11 12:47:00,2023-04-11 12:13:00,Jones St between Post and and Geary Sts.,66.0,Male,Pedestrian,Pedestrian vs Motor Vehicle,City Street,Tenderloin,3.0
20230753,230354413,37.799000050102414,-122.44264789723242,2023-05-23 01:36:00,2023-05-23 01:05:00,Lombard and Divisadero Sts,51.0,Male,Pedestrian,Pedestrian vs Motor Vehicle,City Street,Marina,2.0
20230755,230355154,37.765783298781656,-122.4075342296065,2023-05-23 10:51:00,2023-05-23 10:21:00,16th and Potrero Sts,58.0,Male,Pedestrian,Pedestrian vs Motor Vehicle,City Street,Mission,9.0
20230816,230382094,37.77123018080332,-122.42026471652224,2023-06-03 03:47:00,2023-06-02 21:39:00,Otis St between Gough and McCoppin Sts and Duboce Avenue,23.0,Male,Standup Powered Device Rider,e-Scooter vs. Vehicle,City Street,Mission,6.0
20230826,230359093,37.802376295760936,-122.43149769980374,2023-06-05 12:37:00,2023-05-24 16:36:00,Laguna and Francisco Sts,84.0,Female,Pedestrian,Pedestrian vs Motor Vehicle,City Street,Marina,2.0
20230911,,37.74615712815269,-122.38717421911912,2023-06-24 15:00:00,2023-06-24 14:43:00,"3rd St, Arthur Ave, and Cargo Way",24.0,Male,Driver,Motor Vehicle Collision,City Street,Bayview Hunters Point,10.0
20230975,230474726,37.761967528422105,-122.41717893595887,2023-07-09 02:47:00,2023-07-09 02:40:00,18th St and South Van Ness Ave,28.0,Male,Pedestrian,Pedestrian vs Motorcycle,City Street,Mission,9.0
20231011,230472899,37.78591520234827,-122.405536198156,2023-07-14 21:10:00,2023-07-08 10:55:00,"Market St, 100 feet east of 4th and Stockton Sts",55.0,Male,Pedestrian,e-Scooter vs. Pedestrian,City Street,Financial District/South Beach,6.0
20231130,230552140,37.77647864416005,-122.41862179036411,2023-08-06 00:32:00,2023-08-06 00:10:00,Fell St btwn Van Ness Ave and Market St,49.0,Male,Pedestrian,Pedestrian vs Motor Vehicle,City Street,Tenderloin,6.0
20231175,230576617,37.77551408995729,-122.40629588395058,2023-08-14 23:29:00,2023-08-14 22:42:00,7th St and Harrison St,69.0,Male,Pedestrian,Pedestrian vs Motor Vehicle,City Street,South of Market,6.0
20231179,230578817,37.77633297639192,-122.39403506437232,2023-08-15 17:59:00,2023-08-15 17:15:00,4th St and King St,4.0,Female,Pedestrian,Pedestrian vs Motor Vehicle,City Street,Mission Bay,6.0
20231203,230590980,37.714973580289566,-122.4852679507255,2023-08-19 18:52:00,2023-08-19 18:45:00,Lake Merced Blvd and Brotherhood Way,29.0,Male,Motorcyclist,Motorcycle vs Motor Vehicle,City Street,Lakeshore,7.0
20231318,230650415,37.74176468143927,-122.50462044625178,2023-09-11 13:55:00,2023-09-11 08:07:00,46th Ave and Taraval St,80.0,Female,Pedestrian,Pedestrian vs Motor Vehicle,City Street,Sunset/Parkside,4.0
20231370,230676132,37.761700908871845,-122.42157840092688,2023-09-20 20:40:00,2023-09-20 13:28:00,18th St and Valencia St,80.0,Male,Pedestrian,Pedestrian vs Motor Vehicle,City Street,Mission,9.0
20231384,230654376,37.76995827692024,-122.41544857066104,2023-09-24 23:47:00,2023-09-12 15:36:00,Folsom St north of 13th St,66.0,Male,Moped,Moped vs Motor Vehicle,City Street,Mission,6.0
20231412,,37.7215343987564,-122.40107412908972,2023-09-30 16:20:00,2023-09-30 00:00:00,Mansell St and San Bruno Ave,26.0,Male,Driver,Motor Vehicle Collision,City Street,Portola,10.0
20231495,230749325,37.784753446242426,-122.42119297426264,2023-10-19 00:57:00,2023-10-19 00:51:00,O'Farrell St and Van Ness Ave,61.0,Male,Pedestrian,Pedestrian vs. MUNI,City Street,Tenderloin,5.0
20231540,230771362,37.78724521002077,-122.41663869633356,2023-10-28 11:05:00,2023-10-28 10:50:00,Hyde St and Post St,65.0,Male,Pedestrian,Pedestrian vs Motor Vehicle,City Street,Nob Hill,3.0
20231716,230856011,37.78402881118103,-122.41936257781369,2023-12-06 01:53:00,2023-12-06 01:46:00,Polk St and Ellis St,34.0,Male,Standup Powered Device Rider,Standup Powered Device & Motor Vehicle,City Street,Tenderloin,5.0
20231735,230868351,37.7695545738225,-122.41508266216732,2023-12-11 14:58:00,2023-12-11 14:50:00,13th St entrance for 1745 Folsom St,74.0,Male,Pedestrian,Motor Vehicle & Pedestrian,City Street,Mission,9.0
20231818,230899823 and 230900464,37.732948177789126,-122.40465679329571,2023-12-31 11:15:00,2023-12-26 06:35:00,Bayshore Blvd and Silver Ave,72.0,Male,Pedestrian,Motor Vehicle & Pedestrian,City Street,Portola,9.0
20240003,240001933,37.70862764286938,-122.47100658775732,2024-01-01 20:56:00,2024-01-01 20:26:00,Junipero Serra Blvd near Palmetto Ave,25.0,Male,Passenger,Motor Vehicle Collision (solo),City Street,Oceanview/Merced/Ingleside,7.0
20240157,240067872,37.7743088953789,-122.45837109976888,2024-01-31 13:43:00,2024-01-31 05:18:00,Arguello Blvd and Fulton St,63.0,Male,Pedestrian,Motor Vehicle & Pedestrian,City Street,Golden Gate Park,1.0
20240196,240084274,37.719844672712526,-122.47522912531122,2024-02-08 01:29:00,2024-02-08 01:06:00,19th Ave and Crespi Dr,32.0,Male,Driver,Motor Vehicle Collision (solo),City Street,West of Twin Peaks,7.0
20240197,240084434,37.77603932137727,-122.40252409619654,2024-02-08 05:06:00,2024-02-08 04:58:00,6th St and Bryant St,31.0,Male,Pedestrian,Pedestrian vs Motor Vehicle,City Street,South of Market,6.0
20240275,240124870,37.731010873894895,-122.42943415266656,2024-02-26 11:38:00,2024-02-25 18:40:00,Alemany Blvd and Rousseau St,76.0,Male,Pedestrian,Pedestrian vs Motor Vehicle,City Street,Outer Mission,11.0
20240304,240137782,37.781619193528,-122.41578340517292,2024-03-02 00:40:00,2024-03-02 00:28:00,Golden Gate Ave between Larkin and Hyde Sts,41.0,Male,Pedestrian,Pedestrian vs Motor Vehicle,City Street,Tenderloin,5.0
20240346,240152047,37.76877652958726,-122.46833420319396,2024-03-08 03:41:00,2024-03-08 15:20:00,Martin Luther King Dr and Music Concourse Dr,48.0,Male,Motorcyclist,Motorcycle Collision,City Street,Golden Gate Park,7.0
20240391,240169569,37.74116167920914,-122.4663517116426,2024-03-16 12:35:00,2024-03-16 12:13:00,Ulloa St and Lenox Way,40.0,Male,Pedestrian,Pedestrian vs Motor Vehicle,City Street,West of Twin Peaks,7.0
20240392,240169569,37.74116167920914,-122.4663517116426,2024-03-16 12:32:00,2024-03-16 12:13:00,Ulloa St and Lenox Way,1.0,Male,Pedestrian,Pedestrian vs Motor Vehicle,City Street,West of Twin Peaks,7.0
20240415,240169569,37.74116167920914,-122.4663517116426,2024-03-20 01:40:00,2024-03-16 12:13:00,Ulloa St and Lenox Way,0.0,Male,Pedestrian,Pedestrian vs Motor Vehicle,City Street,West of Twin Peaks,7.0
20240461,240201553,37.74882643500533,-122.43607284986888,2024-03-30 11:09:00,2024-03-30 10:27:00,Diamond St between 26th St and 25th St,85.0,Male,Driver,Motor Vehicle Collision (solo),City Street,Noe Valley,8.0
20240644,240280228,37.7215343987564,-122.40107412908972,2024-05-07 10:05:00,2024-05-03 23:32:00,Mansell St and San Bruno Ave,25.0,Male,Passenger,Motor Vehicle Collision,City Street,Portola,10.0
20240727,240323470,37.78486651362074,-122.41278001795564,2024-05-23 13:09:00,2024-05-23 12:37:00,Ellis St and Jones St,55.0,Male,Pedestrian,Pedestrian vs Motor Vehicle,City Street,Tenderloin,5.0
20240800,240362365,37.74102740715692,-122.42284057702022,2024-06-10 04:13:00,2024-06-10 03:41:00,Cortland Ave and Mission St,41.0,Male,Pedestrian,Pedestrian vs Motor Vehicle,City Street,Bernal Heights,9.0
20240806,240339847,37.74154540266828,-122.38691906658012,2024-06-11 19:22:00,2024-05-30 09:30:00,Fairfax Ave and Newhall St,70.0,Male,Bicyclist,Bicycle vs Motor Vehicle,City Street,Bayview Hunters Point,10.0
20240831,240379332,37.74409606185266,-122.39874695620964,2024-06-17 21:39:00,2024-06-17 21:33:00,Jerrold Ave and Toland St,43.0,Female,Pedestrian,Pedestrian vs Motor Vehicle,City Street,Bayview Hunters Point,10.0
20240869,240375631,37.795737108968304,-122.42341305538449,2024-06-24 13:01:00,2024-06-15 23:36:00,Broadway and Van Ness Ave,37.0,Male,Pedestrian,Pedestrian vs Motor Vehicle,City Street,Russian Hill,3.0
20240903,240407535,37.77792439563106,-122.40324539935226,2024-07-04 05:17:00,2024-06-30 16:48:00,Harrison St between 5th St and 6th St,29.0,Male,Pedestrian,Pedestrian vs Motor Vehicle,City Street,South of Market,6.0
20240932,240417841,37.76518313445336,-122.41748659882512,2024-07-10 16:55:00,2024-07-05 01:14:00,16th St and South Van Ness Ave,22.0,Male,Motorcyclist,Motorcycle vs Motor Vehicle,City Street,Mission,9.0
20240933,240431324,37.719539991206105,-122.44437981137096,2024-07-11 01:00:00,2024-07-11 00:41:00,Geneva Ave between Cayuga Ave and Delano Ave,23.0,Male,Pedestrian,Pedestrian vs Motor Vehicle,City Street,Outer Mission,11.0
20241038,240497978,37.73652387661112,-122.40666853226892,2024-08-09 15:53:00,2024-08-09 15:38:00,Driveway north of Bayshore Blvd and Helena St,66.0,Male,Bicyclist,Bicycle vs Motor Vehicle,City Street,Bayview Hunters Point,10.0
20241060,240511415,37.73355034353192,-122.4341445363811,2024-08-15 14:58:00,2024-08-15 14:49:00,Bosworth St and Diamond St,61.0,Female,Pedestrian,Pedestrian vs Motor Vehicle,City Street,Glen Park,8.0
20241132,240553978,37.77896954751244,-122.51336032453428,2024-09-03 16:56:00,2024-09-03 16:39:00,Point Lobos Ave between El Camino Del Mar and Great Highway,56.0,Male,Driver,Motor Vehicle Collision,City Street,Outer Richmond,1.0
20241194,240573409,37.80046921806993,-122.43111528968224,2024-09-19 13:10:00,2024-09-12 05:55:00,Lombard St and Laguna St,70.0,Female,Pedestrian,Pedestrian vs Motor Vehicle,City Street,Marina,2.0
20241208,240595403,37.800886756145,-122.42782503298606,2024-09-21 23:40:00,2024-09-21 23:32:00,Lombard St and Gough St,52.0,Male,Pedestrian,Pedestrian vs Motor Vehicle,City Street,Marina,2.0
20241246,240618691,37.780092582972074,-122.48473226149436,2024-10-04 20:21:00,2024-10-02 00:57:00,25th Ave and Geary Blvd,94.0,Male,Pedestrian,Motor Vehicle & Pedestrian,City Street,Outer Richmond,1.0
20241252,240627965,37.81474750300328,-122.37099979101882,2024-10-06 01:40:00,2024-10-06 01:11:00,Treasure Island Rd between Clipper Cove Way and Macalla Rd,24.0,Male,Driver,Motor Vehicle Collision (solo),City Street,Treasure Island,6.0
20241266,240613823,37.779090727722746,-122.46414496915529,2024-10-09 08:00:00,2024-09-30 08:10:00,6th Ave and Anza St,94.0,Male,Pedestrian,Pedestrian vs Motor Vehicle,City Street,Inner Richmond,1.0
20241287,240648080,37.79046960736645,-122.40633094616489,2024-10-15 00:56:00,2024-10-15 00:29:00,Bush St between Stockton St and Grant Ave,60.0,Male,Motorcyclist,Motorcycle Collision,City Street,Financial District/South Beach,3.0
20241307,240663721,37.76450936167751,-122.4525693538626,2024-10-22 08:50:00,2024-10-22 08:45:00,Parnassus Ave and Stanyan St,70.0,Male,Pedestrian,Pedestrian vs Motor Vehicle,City Street,Inner Sunset,8.0
20241320,240670845,37.78302995120684,-122.44112747615613,2024-10-25 07:31:00,2024-10-25 06:52:00,Geary Blvd & Broderick St,35.0,Male,Pedestrian,Pedestrian vs Motor Vehicle,City Street,Western Addition,2.0
20241449,240728814,37.75325578972291,-122.40635925552648,2024-11-23 02:45:00,2024-11-23 02:09:00,Potrero Ave between 23rd and 24th Sts,23.0,Male,Passenger,Motor Vehicle Collision (solo),City Street,Mission,9.0
20241453,240730574,37.76495645963254,-122.42123959323264,2024-11-24 03:19:00,2024-11-24 02:42:00,16th St and Rondel Pl,64.0,Male,Pedestrian,Pedestrian vs Motor Vehicle,City Street,Mission,9.0
20241454,240732138,37.72001799346312,-122.46123397039224,2024-11-25 01:33:00,2024-11-25 01:15:00,Grafton Ave and Jules Ave,42.0,Female,Driver,Motor Vehicle Collision,City Street,Oceanview/Merced/Ingleside,11.0
20241455,240732138,37.72001799346312,-122.46123397039224,2024-11-25 01:33:00,2024-11-25 01:15:00,Grafton Ave and Jules Ave,36.0,Female,Passenger,Motor Vehicle Collision,City Street,Oceanview/Merced/Ingleside,11.0
20241477,240740642,37.72312996344248,-122.43597688845658,2024-11-29 18:22:00,2024-11-29 13:47:00,Mission St and Persia Ave,44.0,Male,Motorcyclist,Motorcycle vs Motor Vehicle,City Street,Excelsior,11.0
20241498,240753269,37.72456897945495,-122.47256685795188,2024-12-05 09:32:00,2024-12-03 17:27:00,Junipero Serra Blvd Frontage Road between Lyndhurst Dr and Holloway Ave,70.0,Male,Bicyclist,Bicycle Collision,City Street,West of Twin Peaks,7.0
20241584,240790346,37.77192721601319,-122.4793635089449,2024-12-25 16:05:00,2024-12-25 15:53:00,Park Presidio Bypass Dr and Crossover Dr,30.0,Male,Driver,Motor Vehicle Collision (solo),City Street,Golden Gate Park,1.0
20241591,240792712,37.739784699952665,-122.50728306062491,2024-12-27 06:30:00,2024-12-27 05:42:00,Upper Great Highway and Ulloa St,68.0,Female,Pedestrian,Pedestrian vs Motor Vehicle,City Street,Sunset/Parkside,4.0
20241592,240790233,37.75008260902825,-122.44334726352884,2024-12-27 09:59:00,2024-12-25 13:57:00,Portola Dr and Market St,88.0,Female,Passenger,Motor Vehicle Collision,City Street,Noe Valley,8.0
20250020,250007824,37.72953192695201,-122.4142253741194,2025-01-04 18:14:00,2025-01-04 17:30:00,Colby St and Silver Ave,81.0,Male,Pedestrian,Pedestrian vs Motor Vehicle,City Street,Portola,9.0
20250088,250037332,37.77666238244348,-122.40330515252512,2025-01-19 18:15:00,2025-01-19 18:07:00,6th St between Bryant St and Harrison St,27.0,Male,Driver,Motor Vehicle Collision,City Street,South of Market,6.0
20250132,250039861,37.709250950353535,-122.42335343599568,2025-01-28 06:37:00,2025-01-21 06:07:00,Carter St and Geneva Ave,77.0,Female,Pedestrian,Pedestrian vs Motor Vehicle,City Street,Excelsior,11.0
20250201,250074798,37.79322314630464,-122.4144700752028,2025-02-07 17:01:00,2025-02-07 16:27:00,Clay St and Jones St,61.0,Male,Motorcyclist,Motorcycle Collision,City Street,Nob Hill,3.0
20250275,250065173,37.756551229207936,-122.50890254363296,2025-02-22 14:34:00,2025-02-03 05:09:00,Great Highway and Lawton St,84.0,Male,Driver,Motor Vehicle Collision,City Street,Sunset/Parkside,4.0
20250394,250144448,37.75147244155974,-122.41780160454556,2025-03-13 13:47:00,2025-03-13 13:37:00,Lilac St & 24th St,65.0,Male,Motorcyclist,Motorcycle Collision,City Street,Mission,9.0
20250460,250146494,37.779379683154126,-122.49967318458113,2025-03-27 13:12:00,2025-03-14 15:04:00,Geary Blvd and 39th Ave,77.0,Female,Pedestrian,Pedestrian vs Motor Vehicle,City Street,Outer Richmond,1.0
20250593,250222812,37.77863203834308,-122.4317632202422,2025-04-25 03:55:00,2025-04-21 20:46:00,Fillmore St and McAllister St,86.0,Female,Pedestrian,Pedestrian vs Motor Vehicle,City Street,Western Addition,5.0
20250621,250243294,37.77795211542622,-122.40941857673538,2025-05-01 14:27:00,2025-05-01 14:05:00,7th St and Howard St,75.0,Female,Pedestrian,Pedestrian vs Motor Vehicle,City Street,South of Market,6.0
20250670,250265191,37.74586455991804,-122.40417867295996,2025-05-12 06:38:00,2025-05-12 06:51:00,Bayshore Blvd Curve near 151 and 185 Bayshore Blvd,47.0,Male,Pedestrian,Pedestrian vs Motor Vehicle,City Street,Bayview Hunters Point,10.0
20250672,250258237,37.77440707032337,-122.45753740652408,2025-05-12 14:03:00,2025-05-08 13:46:00,Fulton St between Arguello Blvd and Willard North,49.0,Male,Passenger,Motor Vehicle Collision,City Street,Golden Gate Park,1.0
20250736,250295104,37.77274222511701,-122.41273655462956,2025-05-27 05:49:00,2025-05-27 05:13:00,10th St and Folsom St,35.0,Female,Pedestrian,Pedestrian vs Motor Vehicle,City Street,South of Market,6.0
20250762,250306999,37.78121347850321,-122.4599996582424,2025-06-02 00:55:00,2025-06-02 00:00:00,2nd Ave and Geary Blvd,67.0,Male,Pedestrian,Pedestrian vs Motor Vehicle,City Street,Inner Richmond,1.0
20250961,250397885,37.782230575212616,-122.410292026986,2025-07-18 18:09:00,2025-07-18 15:51:00,6th St and Market St,77.0,Male,Pedestrian,e-Scooter vs. Pedestrian,City Street,South of Market,6.0
20250975,250405698,37.72576179108928,-122.4339823563363,2025-07-23 00:37:00,2025-07-23 00:23:00,Mission St and Santa Rosa Ave,50.0,Male,Pedestrian,Pedestrian vs Motor Vehicle,City Street,Outer Mission,11.0
20250986,250403523,37.774061646668095,-122.4376106248194,2025-07-25 14:10:00,2025-07-21 22:56:00,Divisadero St and Fell St,64.0,Male,Motorcyclist,Pedestrian vs Motorcycle,City Street,Hayes Valley,5.0
20251043,250427733,37.723476015057855,-122.4541384788986,2025-08-06 15:35:00,2025-08-02 22:04:00,Ocean Ave & Lee Ave,83.0,Female,Pedestrian,Pedestrian vs Motor Vehicle,City Street,West of Twin Peaks,11.0
20251053,250440478,37.780430696045606,-122.38902830706816,2025-08-09 04:44:00,2025-08-09 04:28:00,King St between Townsend and 2nd Sts,48.0,Male,Motorcyclist,Motor Vehicle Collision (solo),City Street,Mission Bay,6.0
20251061,250442101,37.7797389057742,-122.40715948840256,2025-08-10 03:55:00,2025-08-10 03:15:00,6th St and Howard St,78.0,Male,Pedestrian,Pedestrian vs Motor Vehicle,City Street,South of Market,6.0
20251212,250529339,37.80541717138771,-122.41524148548672,2025-09-20 06:29:00,2025-09-20 02:42:00,Taylor St and Bay St,29.0,Female,Driver,Motor Vehicle Collision (solo),City Street,North Beach,3.0
20251262,250558479,37.73893253973922,-122.41518438419276,2025-10-04 02:51:00,2025-10-04 02:10:00,Anderson St and Cortland Ave,27.0,Male,Pedestrian,Pedestrian vs Motor Vehicle,City Street,Bernal Heights,9.0
20251331,250602731,37.72526880662382,-122.46213312315544,2025-10-26 18:58:00,2025-10-26 18:40:00,Ocean Ave and Ashton Ave,77.0,Female,Pedestrian,Pedestrian vs Motor Vehicle,City Street,Oceanview/Merced/Ingleside,11.0
20251420,250647157,37.71388616827208,-122.4489504431298,2025-11-17 07:06:00,2025-11-16 23:09:00,Alemany Blvd and Naglee Ave,45.0,Male,Bicyclist,Bicycle vs Motor Vehicle,City Street,Outer Mission,11.0
20251480,250674702,37.79702817325798,-122.41183597379457,2025-12-02 13:34:00,2025-12-02 10:46:00,Mason St between Broadway and Pacific Ave,72.0,Male,Pedestrian,Pedestrian vs Motor Vehicle,City Street,Chinatown,3.0
20251530,240770360,37.738143654020334,-122.40686774164942,2024-12-14 06:42:00,2024-12-14 06:19:00,Bayshore Blvd between Cortland Ave and Industrial St,65.0,Male,Pedestrian,Pedestrian vs Motor Vehicle,City Street,Bayview Hunters Point,10.0
20251550,250704365,37.71160284906131,-122.44607044783146,2025-12-17 00:00:00,2025-12-17 18:05:00,Mission St and Naglee Ave,80.0,Male,Pedestrian,Pedestrian vs Motor Vehicle,City Street,Outer Mission,11.0
20260169,260067200,37.73294878197051,-122.40465709732966,2026-02-07 03:30:00,2026-02-03 16:43:00,Bayshore Blvd and Silver Ave,77.0,Female,Pedestrian,Pedestrian vs Motor Vehicle,City Street,Portola,9.0
20260202,260090029,37.712179486099856,-122.40245947947986,2026-02-14 18:38:00,2026-02-14 18:09:00,Bayshore Blvd and Arleta Ave,46.0,Female,Pedestrian,Pedestrian vs Motor Vehicle,City Street,Visitacion Valley,10.0
20260231,260102925,37.7482121505997,-122.41586279267656,2026-02-21 23:28:00,2026-02-21 23:20:00,Cesar Chavez St and South Van Ness Ave,62.0,Male,Standup Powered Device Rider,Standup Powered Device & Motor Vehicle,City Street,Mission,9.0
20260254,260114760,37.77423258376262,-122.39159088105866,2026-02-27 23:23:00,2026-02-27 20:25:00,4th St and Channel St,2.0,Female,Pedestrian,Pedestrian vs Motor Vehicle,City Street,Mission Bay,6.0
20260298,260126919,37.798031071704635,-122.4054958271876,2026-03-05 22:50:00,2026-03-05 22:41:00,Kearny St and Broadway,37.0,Male,Pedestrian,Pedestrian vs Motor Vehicle,City Street,North Beach,3.0
20260299,260127127,37.7115952849854,-122.44608489700644,2026-03-06 03:21:00,2026-03-05 02:25:00,Mission St and Naglee Ave,42.0,Male,Pedestrian,Pedestrian vs Motor Vehicle,City Street,Outer Mission,11.0
20260377,260164931,37.78791098332102,-122.40390042687956,2026-03-24 07:53:00,2026-03-24 06:45:00,Geary St and Kearny St,58.0,Male,Pedestrian,Pedestrian vs. MUNI,City Street,Financial District/South Beach,3.0
20260390,260171873,37.796069736851614,-122.40628770261458,2026-03-27 00:00:00,2026-03-27 07:43:00,670 Jackson St at Grant St,49.0,Male,Pedestrian,Pedestrian vs Motor Vehicle,City Street,Chinatown,3.0
2024039699,240169569,37.74116167920914,-122.4663517116426,2024-03-17 04:26:00,2024-03-16 12:13:00,Ulloa St and Lenox Way,38.0,Female,Pedestrian,Pedestrian vs Motor Vehicle,City Street,West of Twin Peaks,7.0
